"priority_section","schema_name","table_name","column_name","data_type_category","formatted_data_type","overall_column_score","overall_quality_level","pii_risk_assessment","governance_priority","potential_pii_indicator","business_criticality","immediate_actions","recommended_improvements","steward_assignment"
=== TOP PRIORITY COLUMNS - IMMEDIATE ATTENTION REQUIRED ===,dbo,ErrorLog,UserName,OTHER,sysname,43.75,POOR,HIGH_RISK,URGENT,PERSONAL_NAME,STANDARD,"HIGH PRIORITY: Apply data masking, implement access controls",Consider reviewing data type choice for better alignment with data content,PRIVACY_OFFICER
=== TOP PRIORITY COLUMNS - IMMEDIATE ATTENTION REQUIRED ===,Purchasing,Vendor,Name,OTHER,Name,47.75,POOR,HIGH_RISK,URGENT,PERSONAL_NAME,MEDIUM,"HIGH PRIORITY: Apply data masking, implement access controls",Consider reviewing data type choice for better alignment with data content,PRIVACY_OFFICER
=== TOP PRIORITY COLUMNS - IMMEDIATE ATTENTION REQUIRED ===,HumanResources,Department,GroupName,OTHER,Name,48.25,POOR,HIGH_RISK,URGENT,PERSONAL_NAME,HIGH,"HIGH PRIORITY: Apply data masking, implement access controls",Consider reviewing data type choice for better alignment with data content,HR_DATA_STEWARD
=== TOP PRIORITY COLUMNS - IMMEDIATE ATTENTION REQUIRED ===,Person,PhoneNumberType,Name,OTHER,Name,48.25,POOR,HIGH_RISK,URGENT,PERSONAL_NAME,HIGH,"HIGH PRIORITY: Apply data masking, implement access controls",Consider reviewing data type choice for better alignment with data content,CUSTOMER_DATA_STEWARD
=== TOP PRIORITY COLUMNS - IMMEDIATE ATTENTION REQUIRED ===,Person,PersonPhone,PhoneNumber,OTHER,Phone,49.50,POOR,HIGH_RISK,URGENT,CONTACT_INFO,HIGH,"HIGH PRIORITY: Apply data masking, implement access controls",Consider reviewing data type choice for better alignment with data content,CUSTOMER_DATA_STEWARD
=== TOP PRIORITY COLUMNS - IMMEDIATE ATTENTION REQUIRED ===,Sales,SalesReason,Name,OTHER,Name,49.75,POOR,HIGH_RISK,URGENT,PERSONAL_NAME,HIGH,"HIGH PRIORITY: Apply data masking, implement access controls",Consider reviewing data type choice for better alignment with data content,SALES_DATA_STEWARD
=== TOP PRIORITY COLUMNS - IMMEDIATE ATTENTION REQUIRED ===,Sales,Store,Name,OTHER,Name,49.75,POOR,HIGH_RISK,URGENT,PERSONAL_NAME,HIGH,"HIGH PRIORITY: Apply data masking, implement access controls",Consider reviewing data type choice for better alignment with data content,SALES_DATA_STEWARD
=== TOP PRIORITY COLUMNS - IMMEDIATE ATTENTION REQUIRED ===,Production,ProductReview,ReviewerName,OTHER,Name,51.75,POOR,HIGH_RISK,URGENT,PERSONAL_NAME,MEDIUM,"HIGH PRIORITY: Apply data masking, implement access controls",Consider reviewing data type choice for better alignment with data content,OPERATIONS_DATA_STEWARD
=== TOP PRIORITY COLUMNS - IMMEDIATE ATTENTION REQUIRED ===,Person,Person,MiddleName,OTHER,Name,52.00,POOR,HIGH_RISK,URGENT,PERSONAL_NAME,HIGH,"HIGH PRIORITY: Apply data masking, implement access controls",Consider reviewing data type choice for better alignment with data content,CUSTOMER_DATA_STEWARD
=== TOP PRIORITY COLUMNS - IMMEDIATE ATTENTION REQUIRED ===,Sales,SalesTaxRate,Name,OTHER,Name,52.25,POOR,HIGH_RISK,URGENT,PERSONAL_NAME,HIGH,"HIGH PRIORITY: Apply data masking, implement access controls",Consider reviewing data type choice for better alignment with data content,SALES_DATA_STEWARD
=== TOP PRIORITY COLUMNS - IMMEDIATE ATTENTION REQUIRED ===,Person,Password,PasswordHash,TEXT,varchar(128),52.75,POOR,CRITICAL_RISK,URGENT,AUTHENTICATION_SECURITY,HIGH,"URGENT: Implement encryption, restrict access, enable audit logging","Add constraints (NOT NULL, CHECK, FK) to improve data quality",CUSTOMER_DATA_STEWARD
=== TOP PRIORITY COLUMNS - IMMEDIATE ATTENTION REQUIRED ===,Person,Password,PasswordSalt,TEXT,varchar(10),52.75,POOR,CRITICAL_RISK,URGENT,AUTHENTICATION_SECURITY,HIGH,"URGENT: Implement encryption, restrict access, enable audit logging","Add constraints (NOT NULL, CHECK, FK) to improve data quality",CUSTOMER_DATA_STEWARD
=== TOP PRIORITY COLUMNS - IMMEDIATE ATTENTION REQUIRED ===,Production,Culture,Name,OTHER,Name,53.00,POOR,HIGH_RISK,URGENT,PERSONAL_NAME,MEDIUM,"HIGH PRIORITY: Apply data masking, implement access controls",Consider reviewing data type choice for better alignment with data content,OPERATIONS_DATA_STEWARD
=== TOP PRIORITY COLUMNS - IMMEDIATE ATTENTION REQUIRED ===,Production,ProductCategory,Name,OTHER,Name,53.00,POOR,HIGH_RISK,URGENT,PERSONAL_NAME,MEDIUM,"HIGH PRIORITY: Apply data masking, implement access controls",Consider reviewing data type choice for better alignment with data content,OPERATIONS_DATA_STEWARD
=== TOP PRIORITY COLUMNS - IMMEDIATE ATTENTION REQUIRED ===,Production,ProductModel,Name,OTHER,Name,53.00,POOR,HIGH_RISK,URGENT,PERSONAL_NAME,MEDIUM,"HIGH PRIORITY: Apply data masking, implement access controls",Consider reviewing data type choice for better alignment with data content,OPERATIONS_DATA_STEWARD
=== TOP PRIORITY COLUMNS - IMMEDIATE ATTENTION REQUIRED ===,Production,ProductSubcategory,Name,OTHER,Name,53.00,POOR,HIGH_RISK,URGENT,PERSONAL_NAME,MEDIUM,"HIGH PRIORITY: Apply data masking, implement access controls",Consider reviewing data type choice for better alignment with data content,OPERATIONS_DATA_STEWARD
=== TOP PRIORITY COLUMNS - IMMEDIATE ATTENTION REQUIRED ===,Production,ScrapReason,Name,OTHER,Name,53.00,POOR,HIGH_RISK,URGENT,PERSONAL_NAME,MEDIUM,"HIGH PRIORITY: Apply data masking, implement access controls",Consider reviewing data type choice for better alignment with data content,OPERATIONS_DATA_STEWARD
=== TOP PRIORITY COLUMNS - IMMEDIATE ATTENTION REQUIRED ===,Production,UnitMeasure,Name,OTHER,Name,53.00,POOR,HIGH_RISK,URGENT,PERSONAL_NAME,MEDIUM,"HIGH PRIORITY: Apply data masking, implement access controls",Consider reviewing data type choice for better alignment with data content,OPERATIONS_DATA_STEWARD
=== TOP PRIORITY COLUMNS - IMMEDIATE ATTENTION REQUIRED ===,Person,Person,NameStyle,OTHER,NameStyle,53.25,POOR,HIGH_RISK,URGENT,PERSONAL_NAME,HIGH,"HIGH PRIORITY: Apply data masking, implement access controls",Consider reviewing data type choice for better alignment with data content,CUSTOMER_DATA_STEWARD
=== TOP PRIORITY COLUMNS - IMMEDIATE ATTENTION REQUIRED ===,Person,Person,FirstName,OTHER,Name,53.25,POOR,HIGH_RISK,URGENT,PERSONAL_NAME,HIGH,"HIGH PRIORITY: Apply data masking, implement access controls",Consider reviewing data type choice for better alignment with data content,CUSTOMER_DATA_STEWARD
=== TOP PRIORITY COLUMNS - IMMEDIATE ATTENTION REQUIRED ===,Person,Person,LastName,OTHER,Name,53.25,POOR,HIGH_RISK,URGENT,PERSONAL_NAME,HIGH,"HIGH PRIORITY: Apply data masking, implement access controls",Consider reviewing data type choice for better alignment with data content,CUSTOMER_DATA_STEWARD
=== TOP PRIORITY COLUMNS - IMMEDIATE ATTENTION REQUIRED ===,Purchasing,ShipMethod,Name,OTHER,Name,54.00,POOR,HIGH_RISK,URGENT,PERSONAL_NAME,MEDIUM,"HIGH PRIORITY: Apply data masking, implement access controls",Consider reviewing data type choice for better alignment with data content,PRIVACY_OFFICER
=== TOP PRIORITY COLUMNS - IMMEDIATE ATTENTION REQUIRED ===,HumanResources,Department,Name,OTHER,Name,54.50,POOR,HIGH_RISK,URGENT,PERSONAL_NAME,HIGH,"HIGH PRIORITY: Apply data masking, implement access controls",Consider reviewing data type choice for better alignment with data content,HR_DATA_STEWARD
=== TOP PRIORITY COLUMNS - IMMEDIATE ATTENTION REQUIRED ===,HumanResources,Shift,Name,OTHER,Name,54.50,POOR,HIGH_RISK,URGENT,PERSONAL_NAME,HIGH,"HIGH PRIORITY: Apply data masking, implement access controls",Consider reviewing data type choice for better alignment with data content,HR_DATA_STEWARD
=== TOP PRIORITY COLUMNS - IMMEDIATE ATTENTION REQUIRED ===,Person,AddressType,Name,OTHER,Name,54.50,POOR,HIGH_RISK,URGENT,PERSONAL_NAME,HIGH,"HIGH PRIORITY: Apply data masking, implement access controls",Consider reviewing data type choice for better alignment with data content,CUSTOMER_DATA_STEWARD
=== TOP PRIORITY COLUMNS - IMMEDIATE ATTENTION REQUIRED ===,Person,ContactType,Name,OTHER,Name,54.50,POOR,HIGH_RISK,URGENT,PERSONAL_NAME,HIGH,"HIGH PRIORITY: Apply data masking, implement access controls",Consider reviewing data type choice for better alignment with data content,CUSTOMER_DATA_STEWARD
=== TOP PRIORITY COLUMNS - IMMEDIATE ATTENTION REQUIRED ===,Person,CountryRegion,Name,OTHER,Name,54.50,POOR,HIGH_RISK,URGENT,PERSONAL_NAME,HIGH,"HIGH PRIORITY: Apply data masking, implement access controls",Consider reviewing data type choice for better alignment with data content,CUSTOMER_DATA_STEWARD
=== TOP PRIORITY COLUMNS - IMMEDIATE ATTENTION REQUIRED ===,Person,StateProvince,Name,OTHER,Name,54.50,POOR,HIGH_RISK,URGENT,PERSONAL_NAME,HIGH,"HIGH PRIORITY: Apply data masking, implement access controls",Consider reviewing data type choice for better alignment with data content,CUSTOMER_DATA_STEWARD
=== TOP PRIORITY COLUMNS - IMMEDIATE ATTENTION REQUIRED ===,Person,Person,EmailPromotion,INTEGER,int,55.00,POOR,HIGH_RISK,URGENT,CONTACT_INFO,HIGH,"HIGH PRIORITY: Apply data masking, implement access controls","Add constraints (NOT NULL, CHECK, FK) to improve data quality",CUSTOMER_DATA_STEWARD
=== TOP PRIORITY COLUMNS - IMMEDIATE ATTENTION REQUIRED ===,Production,Location,Name,OTHER,Name,55.50,POOR,HIGH_RISK,URGENT,PERSONAL_NAME,MEDIUM,"HIGH PRIORITY: Apply data masking, implement access controls",Consider reviewing data type choice for better alignment with data content,OPERATIONS_DATA_STEWARD
=== TOP PRIORITY COLUMNS - IMMEDIATE ATTENTION REQUIRED ===,Production,Product,Name,OTHER,Name,55.50,POOR,HIGH_RISK,URGENT,PERSONAL_NAME,MEDIUM,"HIGH PRIORITY: Apply data masking, implement access controls",Consider reviewing data type choice for better alignment with data content,OPERATIONS_DATA_STEWARD
=== TOP PRIORITY COLUMNS - IMMEDIATE ATTENTION REQUIRED ===,Sales,Currency,Name,OTHER,Name,56.00,POOR,HIGH_RISK,URGENT,PERSONAL_NAME,HIGH,"HIGH PRIORITY: Apply data masking, implement access controls",Consider reviewing data type choice for better alignment with data content,SALES_DATA_STEWARD
=== TOP PRIORITY COLUMNS - IMMEDIATE ATTENTION REQUIRED ===,Production,ProductReview,EmailAddress,TEXT,nvarchar(100),57.50,POOR,HIGH_RISK,URGENT,CONTACT_INFO,MEDIUM,"HIGH PRIORITY: Apply data masking, implement access controls","Add constraints (NOT NULL, CHECK, FK) to improve data quality",OPERATIONS_DATA_STEWARD
=== TOP PRIORITY COLUMNS - IMMEDIATE ATTENTION REQUIRED ===,Person,EmailAddress,EmailAddress,TEXT,nvarchar(100),57.75,POOR,HIGH_RISK,URGENT,CONTACT_INFO,HIGH,"HIGH PRIORITY: Apply data masking, implement access controls","Add constraints (NOT NULL, CHECK, FK) to improve data quality",CUSTOMER_DATA_STEWARD
=== TOP PRIORITY COLUMNS - IMMEDIATE ATTENTION REQUIRED ===,Sales,SalesTerritory,Name,OTHER,Name,58.50,POOR,HIGH_RISK,URGENT,PERSONAL_NAME,HIGH,"HIGH PRIORITY: Apply data masking, implement access controls",Consider reviewing data type choice for better alignment with data content,SALES_DATA_STEWARD
=== TOP PRIORITY COLUMNS - IMMEDIATE ATTENTION REQUIRED ===,Sales,SalesOrderHeader,CreditCardApprovalCode,TEXT,varchar(15),59.25,POOR,CRITICAL_RISK,URGENT,FINANCIAL_DATA,HIGH,"URGENT: Implement encryption, restrict access, enable audit logging","Add constraints (NOT NULL, CHECK, FK) to improve data quality",SALES_DATA_STEWARD
=== TOP PRIORITY COLUMNS - IMMEDIATE ATTENTION REQUIRED ===,Person,Address,AddressLine2,TEXT,nvarchar(120),61.50,FAIR,HIGH_RISK,URGENT,ADDRESS_INFO,HIGH,"HIGH PRIORITY: Apply data masking, implement access controls","Add constraints (NOT NULL, CHECK, FK) to improve data quality",CUSTOMER_DATA_STEWARD
=== TOP PRIORITY COLUMNS - IMMEDIATE ATTENTION REQUIRED ===,Production,ProductPhoto,ThumbnailPhotoFileName,TEXT,nvarchar(100),62.50,FAIR,HIGH_RISK,URGENT,PERSONAL_NAME,MEDIUM,"HIGH PRIORITY: Apply data masking, implement access controls","Add constraints (NOT NULL, CHECK, FK) to improve data quality",OPERATIONS_DATA_STEWARD
=== TOP PRIORITY COLUMNS - IMMEDIATE ATTENTION REQUIRED ===,Production,ProductPhoto,LargePhotoFileName,TEXT,nvarchar(100),62.50,FAIR,HIGH_RISK,URGENT,PERSONAL_NAME,MEDIUM,"HIGH PRIORITY: Apply data masking, implement access controls","Add constraints (NOT NULL, CHECK, FK) to improve data quality",OPERATIONS_DATA_STEWARD
=== TOP PRIORITY COLUMNS - IMMEDIATE ATTENTION REQUIRED ===,Person,Address,AddressLine1,TEXT,nvarchar(120),62.75,FAIR,HIGH_RISK,URGENT,ADDRESS_INFO,HIGH,"HIGH PRIORITY: Apply data masking, implement access controls","Add constraints (NOT NULL, CHECK, FK) to improve data quality",CUSTOMER_DATA_STEWARD
=== TOP PRIORITY COLUMNS - IMMEDIATE ATTENTION REQUIRED ===,HumanResources,Employee,BirthDate,TEMPORAL,date,67.25,FAIR,HIGH_RISK,URGENT,DEMOGRAPHIC_DATA,HIGH,"HIGH PRIORITY: Apply data masking, implement access controls","Add constraints (NOT NULL, CHECK, FK) to improve data quality",HR_DATA_STEWARD
=== TOP PRIORITY COLUMNS - IMMEDIATE ATTENTION REQUIRED ===,Sales,SalesOrderHeader,CreditCardID,INTEGER,int,68.25,FAIR,CRITICAL_RISK,URGENT,FINANCIAL_DATA,HIGH,"URGENT: Implement encryption, restrict access, enable audit logging","Add constraints (NOT NULL, CHECK, FK) to improve data quality",SALES_DATA_STEWARD
=== TOP PRIORITY COLUMNS - IMMEDIATE ATTENTION REQUIRED ===,Production,Document,FileName,TEXT,nvarchar(800),68.75,FAIR,HIGH_RISK,URGENT,PERSONAL_NAME,MEDIUM,"HIGH PRIORITY: Apply data masking, implement access controls","Add constraints (NOT NULL, CHECK, FK) to improve data quality",OPERATIONS_DATA_STEWARD
=== TOP PRIORITY COLUMNS - IMMEDIATE ATTENTION REQUIRED ===,Sales,SalesOrderHeader,BillToAddressID,INTEGER,int,69.50,FAIR,HIGH_RISK,URGENT,ADDRESS_INFO,HIGH,"HIGH PRIORITY: Apply data masking, implement access controls","Add constraints (NOT NULL, CHECK, FK) to improve data quality",SALES_DATA_STEWARD
=== TOP PRIORITY COLUMNS - IMMEDIATE ATTENTION REQUIRED ===,Sales,SalesOrderHeader,ShipToAddressID,INTEGER,int,69.50,FAIR,HIGH_RISK,URGENT,ADDRESS_INFO,HIGH,"HIGH PRIORITY: Apply data masking, implement access controls","Add constraints (NOT NULL, CHECK, FK) to improve data quality",SALES_DATA_STEWARD
=== TOP PRIORITY COLUMNS - IMMEDIATE ATTENTION REQUIRED ===,Person,Address,AddressID,INTEGER,int,73.00,FAIR,HIGH_RISK,URGENT,ADDRESS_INFO,HIGH,"HIGH PRIORITY: Apply data masking, implement access controls",No immediate improvements required,CUSTOMER_DATA_STEWARD
=== TOP PRIORITY COLUMNS - IMMEDIATE ATTENTION REQUIRED ===,Person,AddressType,AddressTypeID,INTEGER,int,73.00,FAIR,HIGH_RISK,URGENT,ADDRESS_INFO,HIGH,"HIGH PRIORITY: Apply data masking, implement access controls",No immediate improvements required,CUSTOMER_DATA_STEWARD
=== TOP PRIORITY COLUMNS - IMMEDIATE ATTENTION REQUIRED ===,Person,EmailAddress,EmailAddressID,INTEGER,int,73.00,FAIR,HIGH_RISK,URGENT,CONTACT_INFO,HIGH,"HIGH PRIORITY: Apply data masking, implement access controls",No immediate improvements required,CUSTOMER_DATA_STEWARD
=== TOP PRIORITY COLUMNS - IMMEDIATE ATTENTION REQUIRED ===,Person,PhoneNumberType,PhoneNumberTypeID,INTEGER,int,73.00,FAIR,HIGH_RISK,URGENT,CONTACT_INFO,HIGH,"HIGH PRIORITY: Apply data masking, implement access controls",No immediate improvements required,CUSTOMER_DATA_STEWARD
=== TOP PRIORITY COLUMNS - IMMEDIATE ATTENTION REQUIRED ===,Person,BusinessEntityAddress,AddressID,INTEGER,int,74.25,FAIR,HIGH_RISK,URGENT,ADDRESS_INFO,HIGH,"HIGH PRIORITY: Apply data masking, implement access controls",No immediate improvements required,CUSTOMER_DATA_STEWARD
=== TOP PRIORITY COLUMNS - IMMEDIATE ATTENTION REQUIRED ===,Person,BusinessEntityAddress,AddressTypeID,INTEGER,int,74.25,FAIR,HIGH_RISK,URGENT,ADDRESS_INFO,HIGH,"HIGH PRIORITY: Apply data masking, implement access controls",No immediate improvements required,CUSTOMER_DATA_STEWARD
=== TOP PRIORITY COLUMNS - IMMEDIATE ATTENTION REQUIRED ===,Person,PersonPhone,PhoneNumberTypeID,INTEGER,int,74.25,FAIR,HIGH_RISK,URGENT,CONTACT_INFO,HIGH,"HIGH PRIORITY: Apply data masking, implement access controls",No immediate improvements required,CUSTOMER_DATA_STEWARD
=== TOP PRIORITY COLUMNS - IMMEDIATE ATTENTION REQUIRED ===,Sales,CreditCard,CreditCardID,INTEGER,int,74.50,FAIR,CRITICAL_RISK,URGENT,FINANCIAL_DATA,HIGH,"URGENT: Implement encryption, restrict access, enable audit logging",No immediate improvements required,SALES_DATA_STEWARD
=== TOP PRIORITY COLUMNS - IMMEDIATE ATTENTION REQUIRED ===,Sales,PersonCreditCard,CreditCardID,INTEGER,int,75.75,GOOD,CRITICAL_RISK,URGENT,FINANCIAL_DATA,HIGH,"URGENT: Implement encryption, restrict access, enable audit logging",No immediate improvements required,SALES_DATA_STEWARD
=== TOP PRIORITY COLUMNS - IMMEDIATE ATTENTION REQUIRED ===,Person,StateProvince,IsOnlyStateProvinceFlag,OTHER,Flag,43.25,POOR,MEDIUM_RISK,HIGH,ADDRESS_INFO,HIGH,ENHANCE: Add appropriate constraints for data integrity,Consider reviewing data type choice for better alignment with data content,CUSTOMER_DATA_STEWARD
=== TOP PRIORITY COLUMNS - IMMEDIATE ATTENTION REQUIRED ===,dbo,ErrorLog,ErrorState,INTEGER,int,44.25,POOR,MEDIUM_RISK,HIGH,ADDRESS_INFO,STANDARD,ENHANCE: Add appropriate constraints for data integrity,"Add constraints (NOT NULL, CHECK, FK) to improve data quality",GENERAL_DATA_STEWARD
=== TOP PRIORITY COLUMNS - IMMEDIATE ATTENTION REQUIRED ===,dbo,ErrorLog,ErrorMessage,TEXT,nvarchar(8000),48.25,POOR,MEDIUM_RISK,HIGH,DEMOGRAPHIC_DATA,STANDARD,ENHANCE: Add appropriate constraints for data integrity,"Add constraints (NOT NULL, CHECK, FK) to improve data quality",GENERAL_DATA_STEWARD
=== TOP PRIORITY COLUMNS - IMMEDIATE ATTENTION REQUIRED ===,Purchasing,ProductVendor,AverageLeadTime,INTEGER,int,54.00,POOR,MEDIUM_RISK,HIGH,DEMOGRAPHIC_DATA,MEDIUM,ENHANCE: Add appropriate constraints for data integrity,"Add constraints (NOT NULL, CHECK, FK) to improve data quality",GENERAL_DATA_STEWARD
=== TOP PRIORITY COLUMNS - IMMEDIATE ATTENTION REQUIRED ===,HumanResources,Employee,Gender,TEXT,nchar(2),55.25,POOR,MEDIUM_RISK,HIGH,DEMOGRAPHIC_DATA,HIGH,ENHANCE: Add appropriate constraints for data integrity,"Add constraints (NOT NULL, CHECK, FK) to improve data quality",HR_DATA_STEWARD
=== TOP PRIORITY COLUMNS - IMMEDIATE ATTENTION REQUIRED ===,Sales,CurrencyRate,AverageRate,NUMERIC,money,58.25,POOR,MEDIUM_RISK,HIGH,DEMOGRAPHIC_DATA,HIGH,ENHANCE: Add appropriate constraints for data integrity,"Add constraints (NOT NULL, CHECK, FK) to improve data quality",SALES_DATA_STEWARD
=== TOP PRIORITY COLUMNS - IMMEDIATE ATTENTION REQUIRED ===,Person,Address,City,TEXT,nvarchar(60),59.00,POOR,MEDIUM_RISK,HIGH,ADDRESS_INFO,HIGH,,"Add constraints (NOT NULL, CHECK, FK) to improve data quality",CUSTOMER_DATA_STEWARD
=== TOP PRIORITY COLUMNS - IMMEDIATE ATTENTION REQUIRED ===,Person,StateProvince,StateProvinceCode,TEXT,nchar(6),62.75,FAIR,MEDIUM_RISK,HIGH,ADDRESS_INFO,HIGH,,"Add constraints (NOT NULL, CHECK, FK) to improve data quality",CUSTOMER_DATA_STEWARD
=== TOP PRIORITY COLUMNS - IMMEDIATE ATTENTION REQUIRED ===,Person,Address,StateProvinceID,INTEGER,int,71.75,FAIR,MEDIUM_RISK,HIGH,ADDRESS_INFO,HIGH,,No immediate improvements required,CUSTOMER_DATA_STEWARD
=== TOP PRIORITY COLUMNS - IMMEDIATE ATTENTION REQUIRED ===,Person,StateProvince,StateProvinceID,INTEGER,int,73.00,FAIR,MEDIUM_RISK,HIGH,ADDRESS_INFO,HIGH,,No immediate improvements required,CUSTOMER_DATA_STEWARD
=== TOP PRIORITY COLUMNS - IMMEDIATE ATTENTION REQUIRED ===,Sales,SalesTaxRate,StateProvinceID,INTEGER,int,75.75,GOOD,MEDIUM_RISK,HIGH,ADDRESS_INFO,HIGH,,No immediate improvements required,SALES_DATA_STEWARD
=== TOP PRIORITY COLUMNS - IMMEDIATE ATTENTION REQUIRED ===,dbo,DatabaseLog,Schema,OTHER,sysname,35.00,POOR,MINIMAL_RISK,LOW,GENERAL_DATA,STANDARD,ENHANCE: Add appropriate constraints for data integrity,Consider reviewing data type choice for better alignment with data content,GENERAL_DATA_STEWARD
=== TOP PRIORITY COLUMNS - IMMEDIATE ATTENTION REQUIRED ===,dbo,DatabaseLog,Object,OTHER,sysname,35.00,POOR,MINIMAL_RISK,LOW,GENERAL_DATA,STANDARD,ENHANCE: Add appropriate constraints for data integrity,Consider reviewing data type choice for better alignment with data content,GENERAL_DATA_STEWARD
=== TOP PRIORITY COLUMNS - IMMEDIATE ATTENTION REQUIRED ===,dbo,DatabaseLog,DatabaseUser,OTHER,sysname,36.25,POOR,MINIMAL_RISK,LOW,GENERAL_DATA,STANDARD,ENHANCE: Add appropriate constraints for data integrity,Consider reviewing data type choice for better alignment with data content,GENERAL_DATA_STEWARD
=== TOP PRIORITY COLUMNS - IMMEDIATE ATTENTION REQUIRED ===,dbo,DatabaseLog,Event,OTHER,sysname,36.25,POOR,MINIMAL_RISK,LOW,GENERAL_DATA,STANDARD,ENHANCE: Add appropriate constraints for data integrity,Consider reviewing data type choice for better alignment with data content,GENERAL_DATA_STEWARD
=== TOP PRIORITY COLUMNS - IMMEDIATE ATTENTION REQUIRED ===,dbo,DatabaseLog,XmlEvent,STRUCTURED,xml,36.25,POOR,MINIMAL_RISK,LOW,GENERAL_DATA,STANDARD,ENHANCE: Add appropriate constraints for data integrity,Consider reviewing data type choice for better alignment with data content,GENERAL_DATA_STEWARD
=== TOP PRIORITY COLUMNS - IMMEDIATE ATTENTION REQUIRED ===,Production,Illustration,Diagram,STRUCTURED,xml,38.00,POOR,MINIMAL_RISK,LOW,GENERAL_DATA,MEDIUM,ENHANCE: Add appropriate constraints for data integrity,Consider reviewing data type choice for better alignment with data content,OPERATIONS_DATA_STEWARD
=== TOP PRIORITY COLUMNS - IMMEDIATE ATTENTION REQUIRED ===,HumanResources,JobCandidate,Resume,STRUCTURED,xml,39.50,POOR,MINIMAL_RISK,MEDIUM,GENERAL_DATA,HIGH,ENHANCE: Add appropriate constraints for data integrity,Consider reviewing data type choice for better alignment with data content,HR_DATA_STEWARD
=== TOP PRIORITY COLUMNS - IMMEDIATE ATTENTION REQUIRED ===,Person,Address,SpatialLocation,SPATIAL,geography,39.50,POOR,MINIMAL_RISK,MEDIUM,GENERAL_DATA,HIGH,ENHANCE: Add appropriate constraints for data integrity,Consider reviewing data type choice for better alignment with data content,CUSTOMER_DATA_STEWARD
=== TOP PRIORITY COLUMNS - IMMEDIATE ATTENTION REQUIRED ===,Production,ProductModel,Instructions,STRUCTURED,xml,40.50,POOR,MINIMAL_RISK,LOW,GENERAL_DATA,MEDIUM,ENHANCE: Add appropriate constraints for data integrity,Consider reviewing data type choice for better alignment with data content,OPERATIONS_DATA_STEWARD
=== TOP PRIORITY COLUMNS - IMMEDIATE ATTENTION REQUIRED ===,Production,ProductPhoto,ThumbNailPhoto,BINARY,varbinary,40.50,POOR,MINIMAL_RISK,LOW,GENERAL_DATA,MEDIUM,ENHANCE: Add appropriate constraints for data integrity,Consider reviewing data type choice for better alignment with data content,OPERATIONS_DATA_STEWARD
=== TOP PRIORITY COLUMNS - IMMEDIATE ATTENTION REQUIRED ===,Production,ProductPhoto,LargePhoto,BINARY,varbinary,40.50,POOR,MINIMAL_RISK,LOW,GENERAL_DATA,MEDIUM,ENHANCE: Add appropriate constraints for data integrity,Consider reviewing data type choice for better alignment with data content,OPERATIONS_DATA_STEWARD
=== TOP PRIORITY COLUMNS - IMMEDIATE ATTENTION REQUIRED ===,Production,ProductProductPhoto,Primary,OTHER,Flag,41.75,POOR,MINIMAL_RISK,LOW,GENERAL_DATA,MEDIUM,ENHANCE: Add appropriate constraints for data integrity,Consider reviewing data type choice for better alignment with data content,OPERATIONS_DATA_STEWARD
=== TOP PRIORITY COLUMNS - IMMEDIATE ATTENTION REQUIRED ===,Production,ProductModel,CatalogDescription,STRUCTURED,xml,42.00,POOR,MINIMAL_RISK,LOW,GENERAL_DATA,MEDIUM,ENHANCE: Add appropriate constraints for data integrity,Consider reviewing data type choice for better alignment with data content,OPERATIONS_DATA_STEWARD
=== TOP PRIORITY COLUMNS - IMMEDIATE ATTENTION REQUIRED ===,Sales,SalesReason,ReasonType,OTHER,Name,42.25,POOR,MINIMAL_RISK,MEDIUM,GENERAL_DATA,HIGH,ENHANCE: Add appropriate constraints for data integrity,Consider reviewing data type choice for better alignment with data content,SALES_DATA_STEWARD
=== TOP PRIORITY COLUMNS - IMMEDIATE ATTENTION REQUIRED ===,Purchasing,Vendor,ActiveFlag,OTHER,Flag,42.75,POOR,LOW_RISK,LOW,STATUS_CONTROL,MEDIUM,,Consider reviewing data type choice for better alignment with data content,GENERAL_DATA_STEWARD
=== TOP PRIORITY COLUMNS - IMMEDIATE ATTENTION REQUIRED ===,Production,Document,Document,BINARY,varbinary,43.00,POOR,MINIMAL_RISK,LOW,GENERAL_DATA,MEDIUM,ENHANCE: Add appropriate constraints for data integrity,Consider reviewing data type choice for better alignment with data content,OPERATIONS_DATA_STEWARD
=== TOP PRIORITY COLUMNS - IMMEDIATE ATTENTION REQUIRED ===,Sales,SalesOrderHeader,AccountNumber,OTHER,AccountNumber,43.50,POOR,MINIMAL_RISK,MEDIUM,FINANCIAL_DATA,HIGH,ENHANCE: Add appropriate constraints for data integrity,Consider reviewing data type choice for better alignment with data content,SALES_DATA_STEWARD
=== TOP PRIORITY COLUMNS - IMMEDIATE ATTENTION REQUIRED ===,Sales,Store,Demographics,STRUCTURED,xml,43.50,POOR,MINIMAL_RISK,MEDIUM,GENERAL_DATA,HIGH,ENHANCE: Add appropriate constraints for data integrity,Consider reviewing data type choice for better alignment with data content,SALES_DATA_STEWARD
=== TOP PRIORITY COLUMNS - IMMEDIATE ATTENTION REQUIRED ===,dbo,ErrorLog,ErrorSeverity,INTEGER,int,44.25,POOR,MINIMAL_RISK,LOW,GENERAL_DATA,STANDARD,ENHANCE: Add appropriate constraints for data integrity,"Add constraints (NOT NULL, CHECK, FK) to improve data quality",GENERAL_DATA_STEWARD
=== TOP PRIORITY COLUMNS - IMMEDIATE ATTENTION REQUIRED ===,dbo,ErrorLog,ErrorLine,INTEGER,int,44.25,POOR,MINIMAL_RISK,LOW,GENERAL_DATA,STANDARD,ENHANCE: Add appropriate constraints for data integrity,"Add constraints (NOT NULL, CHECK, FK) to improve data quality",GENERAL_DATA_STEWARD
=== TOP PRIORITY COLUMNS - IMMEDIATE ATTENTION REQUIRED ===,Production,Product,MakeFlag,OTHER,Flag,44.25,POOR,LOW_RISK,LOW,STATUS_CONTROL,MEDIUM,,Consider reviewing data type choice for better alignment with data content,OPERATIONS_DATA_STEWARD
=== TOP PRIORITY COLUMNS - IMMEDIATE ATTENTION REQUIRED ===,Production,Product,FinishedGoodsFlag,OTHER,Flag,44.25,POOR,LOW_RISK,LOW,STATUS_CONTROL,MEDIUM,,Consider reviewing data type choice for better alignment with data content,OPERATIONS_DATA_STEWARD
=== TOP PRIORITY COLUMNS - IMMEDIATE ATTENTION REQUIRED ===,HumanResources,Employee,OrganizationNode,HIERARCHICAL,hierarchyid,44.50,POOR,MINIMAL_RISK,MEDIUM,GENERAL_DATA,HIGH,,Consider reviewing data type choice for better alignment with data content,HR_DATA_STEWARD
=== TOP PRIORITY COLUMNS - IMMEDIATE ATTENTION REQUIRED ===,Person,Person,AdditionalContactInfo,STRUCTURED,xml,44.50,POOR,MINIMAL_RISK,MEDIUM,GENERAL_DATA,HIGH,,Consider reviewing data type choice for better alignment with data content,CUSTOMER_DATA_STEWARD
=== TOP PRIORITY COLUMNS - IMMEDIATE ATTENTION REQUIRED ===,Person,Person,Demographics,STRUCTURED,xml,44.50,POOR,MINIMAL_RISK,MEDIUM,GENERAL_DATA,HIGH,,Consider reviewing data type choice for better alignment with data content,CUSTOMER_DATA_STEWARD
=== TOP PRIORITY COLUMNS - IMMEDIATE ATTENTION REQUIRED ===,HumanResources,Employee,SalariedFlag,OTHER,Flag,45.75,POOR,LOW_RISK,MEDIUM,STATUS_CONTROL,HIGH,,Consider reviewing data type choice for better alignment with data content,HR_DATA_STEWARD
=== TOP PRIORITY COLUMNS - IMMEDIATE ATTENTION REQUIRED ===,HumanResources,Employee,CurrentFlag,OTHER,Flag,45.75,POOR,LOW_RISK,MEDIUM,STATUS_CONTROL,HIGH,,Consider reviewing data type choice for better alignment with data content,HR_DATA_STEWARD
=== TOP PRIORITY COLUMNS - IMMEDIATE ATTENTION REQUIRED ===,Purchasing,Vendor,AccountNumber,OTHER,AccountNumber,46.50,POOR,MINIMAL_RISK,LOW,FINANCIAL_DATA,MEDIUM,,Consider reviewing data type choice for better alignment with data content,GENERAL_DATA_STEWARD
=== TOP PRIORITY COLUMNS - IMMEDIATE ATTENTION REQUIRED ===,dbo,ErrorLog,ErrorProcedure,TEXT,nvarchar(252),47.00,POOR,MINIMAL_RISK,LOW,GENERAL_DATA,STANDARD,ENHANCE: Add appropriate constraints for data integrity,"Add constraints (NOT NULL, CHECK, FK) to improve data quality",GENERAL_DATA_STEWARD
=== TOP PRIORITY COLUMNS - IMMEDIATE ATTENTION REQUIRED ===,Purchasing,Vendor,PreferredVendorStatus,OTHER,Flag,47.25,POOR,LOW_RISK,LOW,STATUS_CONTROL,MEDIUM,,Consider reviewing data type choice for better alignment with data content,GENERAL_DATA_STEWARD
=== TOP PRIORITY COLUMNS - IMMEDIATE ATTENTION REQUIRED ===,dbo,AWBuildVersion,Database Version,TEXT,nvarchar(50),48.25,POOR,MINIMAL_RISK,LOW,GENERAL_DATA,STANDARD,ENHANCE: Add appropriate constraints for data integrity,"Add constraints (NOT NULL, CHECK, FK) to improve data quality",GENERAL_DATA_STEWARD
=== TOP PRIORITY COLUMNS - IMMEDIATE ATTENTION REQUIRED ===,dbo,DatabaseLog,TSQL,TEXT,nvarchar(MAX),48.25,POOR,MINIMAL_RISK,LOW,GENERAL_DATA,STANDARD,ENHANCE: Add appropriate constraints for data integrity,"Add constraints (NOT NULL, CHECK, FK) to improve data quality",GENERAL_DATA_STEWARD
=== TOP PRIORITY COLUMNS - IMMEDIATE ATTENTION REQUIRED ===,dbo,ErrorLog,ErrorNumber,INTEGER,int,49.25,POOR,MINIMAL_RISK,LOW,GENERAL_DATA,STANDARD,ENHANCE: Add appropriate constraints for data integrity,"Add constraints (NOT NULL, CHECK, FK) to improve data quality",GENERAL_DATA_STEWARD
=== TOP PRIORITY COLUMNS - IMMEDIATE ATTENTION REQUIRED ===,Purchasing,Vendor,CreditRating,INTEGER,tinyint,49.50,POOR,MINIMAL_RISK,LOW,GENERAL_DATA,MEDIUM,ENHANCE: Add appropriate constraints for data integrity,"Add constraints (NOT NULL, CHECK, FK) to improve data quality",GENERAL_DATA_STEWARD
=== TOP PRIORITY COLUMNS - IMMEDIATE ATTENTION REQUIRED ===,Sales,SalesOrderHeader,PurchaseOrderNumber,OTHER,OrderNumber,49.50,POOR,MINIMAL_RISK,MEDIUM,GENERAL_DATA,HIGH,ENHANCE: Add appropriate constraints for data integrity,Consider reviewing data type choice for better alignment with data content,SALES_DATA_STEWARD
=== TOP PRIORITY COLUMNS - IMMEDIATE ATTENTION REQUIRED ===,Production,BillOfMaterials,BOMLevel,INTEGER,smallint,51.00,POOR,MINIMAL_RISK,LOW,GENERAL_DATA,MEDIUM,ENHANCE: Add appropriate constraints for data integrity,"Add constraints (NOT NULL, CHECK, FK) to improve data quality",OPERATIONS_DATA_STEWARD
=== TOP PRIORITY COLUMNS - IMMEDIATE ATTENTION REQUIRED ===,Production,Product,SafetyStockLevel,INTEGER,smallint,51.00,POOR,MINIMAL_RISK,LOW,GENERAL_DATA,MEDIUM,ENHANCE: Add appropriate constraints for data integrity,"Add constraints (NOT NULL, CHECK, FK) to improve data quality",OPERATIONS_DATA_STEWARD
=== TOP PRIORITY COLUMNS - IMMEDIATE ATTENTION REQUIRED ===,Production,Product,DaysToManufacture,INTEGER,int,51.00,POOR,MINIMAL_RISK,LOW,GENERAL_DATA,MEDIUM,ENHANCE: Add appropriate constraints for data integrity,"Add constraints (NOT NULL, CHECK, FK) to improve data quality",OPERATIONS_DATA_STEWARD
=== TOP PRIORITY COLUMNS - IMMEDIATE ATTENTION REQUIRED ===,Production,ProductInventory,Bin,INTEGER,tinyint,51.00,POOR,MINIMAL_RISK,LOW,GENERAL_DATA,MEDIUM,ENHANCE: Add appropriate constraints for data integrity,"Add constraints (NOT NULL, CHECK, FK) to improve data quality",OPERATIONS_DATA_STEWARD
=== TOP PRIORITY COLUMNS - IMMEDIATE ATTENTION REQUIRED ===,Production,ProductReview,Rating,INTEGER,int,51.00,POOR,MINIMAL_RISK,LOW,GENERAL_DATA,MEDIUM,ENHANCE: Add appropriate constraints for data integrity,"Add constraints (NOT NULL, CHECK, FK) to improve data quality",OPERATIONS_DATA_STEWARD
=== TOP PRIORITY COLUMNS - IMMEDIATE ATTENTION REQUIRED ===,Production,TransactionHistory,Quantity,INTEGER,int,51.00,POOR,MINIMAL_RISK,LOW,GENERAL_DATA,MEDIUM,ENHANCE: Add appropriate constraints for data integrity,"Add constraints (NOT NULL, CHECK, FK) to improve data quality",OPERATIONS_DATA_STEWARD
=== TOP PRIORITY COLUMNS - IMMEDIATE ATTENTION REQUIRED ===,Production,TransactionHistoryArchive,Quantity,INTEGER,int,51.00,POOR,MINIMAL_RISK,LOW,GENERAL_DATA,MEDIUM,ENHANCE: Add appropriate constraints for data integrity,"Add constraints (NOT NULL, CHECK, FK) to improve data quality",OPERATIONS_DATA_STEWARD
=== TOP PRIORITY COLUMNS - IMMEDIATE ATTENTION REQUIRED ===,Production,WorkOrder,StockedQty,INTEGER,int,51.00,POOR,MINIMAL_RISK,LOW,GENERAL_DATA,MEDIUM,ENHANCE: Add appropriate constraints for data integrity,"Add constraints (NOT NULL, CHECK, FK) to improve data quality",OPERATIONS_DATA_STEWARD
=== TOP PRIORITY COLUMNS - IMMEDIATE ATTENTION REQUIRED ===,Production,WorkOrder,ScrappedQty,INTEGER,smallint,51.00,POOR,MINIMAL_RISK,LOW,GENERAL_DATA,MEDIUM,ENHANCE: Add appropriate constraints for data integrity,"Add constraints (NOT NULL, CHECK, FK) to improve data quality",OPERATIONS_DATA_STEWARD
=== TOP PRIORITY COLUMNS - IMMEDIATE ATTENTION REQUIRED ===,Purchasing,Vendor,PurchasingWebServiceURL,TEXT,nvarchar(2048),51.00,POOR,MINIMAL_RISK,LOW,GENERAL_DATA,MEDIUM,ENHANCE: Add appropriate constraints for data integrity,"Add constraints (NOT NULL, CHECK, FK) to improve data quality",GENERAL_DATA_STEWARD
=== TOP PRIORITY COLUMNS - IMMEDIATE ATTENTION REQUIRED ===,Purchasing,ProductVendor,LastReceiptCost,NUMERIC,money,51.25,POOR,MINIMAL_RISK,LOW,PERSONAL_NAME,MEDIUM,ENHANCE: Add appropriate constraints for data integrity,"Add constraints (NOT NULL, CHECK, FK) to improve data quality",GENERAL_DATA_STEWARD
=== TOP PRIORITY COLUMNS - IMMEDIATE ATTENTION REQUIRED ===,Sales,CreditCard,ExpMonth,INTEGER,tinyint,51.50,POOR,MINIMAL_RISK,MEDIUM,GENERAL_DATA,HIGH,ENHANCE: Add appropriate constraints for data integrity,"Add constraints (NOT NULL, CHECK, FK) to improve data quality",SALES_DATA_STEWARD
=== TOP PRIORITY COLUMNS - IMMEDIATE ATTENTION REQUIRED ===,Sales,CreditCard,ExpYear,INTEGER,smallint,51.50,POOR,MINIMAL_RISK,MEDIUM,GENERAL_DATA,HIGH,ENHANCE: Add appropriate constraints for data integrity,"Add constraints (NOT NULL, CHECK, FK) to improve data quality",SALES_DATA_STEWARD
=== TOP PRIORITY COLUMNS - IMMEDIATE ATTENTION REQUIRED ===,HumanResources,EmployeePayHistory,PayFrequency,INTEGER,tinyint,52.50,POOR,MINIMAL_RISK,MEDIUM,FINANCIAL_DATA,HIGH,ENHANCE: Add appropriate constraints for data integrity,"Add constraints (NOT NULL, CHECK, FK) to improve data quality",HR_DATA_STEWARD
=== TOP PRIORITY COLUMNS - IMMEDIATE ATTENTION REQUIRED ===,Production,Document,DocumentSummary,TEXT,nvarchar(MAX),52.50,POOR,MINIMAL_RISK,LOW,GENERAL_DATA,MEDIUM,ENHANCE: Add appropriate constraints for data integrity,"Add constraints (NOT NULL, CHECK, FK) to improve data quality",OPERATIONS_DATA_STEWARD
=== TOP PRIORITY COLUMNS - IMMEDIATE ATTENTION REQUIRED ===,Production,Product,Color,TEXT,nvarchar(30),52.50,POOR,MINIMAL_RISK,LOW,GENERAL_DATA,MEDIUM,ENHANCE: Add appropriate constraints for data integrity,"Add constraints (NOT NULL, CHECK, FK) to improve data quality",OPERATIONS_DATA_STEWARD
=== TOP PRIORITY COLUMNS - IMMEDIATE ATTENTION REQUIRED ===,Production,Product,Size,TEXT,nvarchar(10),52.50,POOR,MINIMAL_RISK,LOW,GENERAL_DATA,MEDIUM,ENHANCE: Add appropriate constraints for data integrity,"Add constraints (NOT NULL, CHECK, FK) to improve data quality",OPERATIONS_DATA_STEWARD
=== TOP PRIORITY COLUMNS - IMMEDIATE ATTENTION REQUIRED ===,Production,Product,Class,TEXT,nchar(4),52.50,POOR,MINIMAL_RISK,LOW,GENERAL_DATA,MEDIUM,ENHANCE: Add appropriate constraints for data integrity,"Add constraints (NOT NULL, CHECK, FK) to improve data quality",OPERATIONS_DATA_STEWARD
=== TOP PRIORITY COLUMNS - IMMEDIATE ATTENTION REQUIRED ===,Production,Product,Style,TEXT,nchar(4),52.50,POOR,MINIMAL_RISK,LOW,GENERAL_DATA,MEDIUM,ENHANCE: Add appropriate constraints for data integrity,"Add constraints (NOT NULL, CHECK, FK) to improve data quality",OPERATIONS_DATA_STEWARD
=== TOP PRIORITY COLUMNS - IMMEDIATE ATTENTION REQUIRED ===,Purchasing,PurchaseOrderDetail,LineTotal,NUMERIC,money,52.50,POOR,MINIMAL_RISK,LOW,BUSINESS_METRIC,MEDIUM,ENHANCE: Add appropriate constraints for data integrity,"Add constraints (NOT NULL, CHECK, FK) to improve data quality",GENERAL_DATA_STEWARD
=== TOP PRIORITY COLUMNS - IMMEDIATE ATTENTION REQUIRED ===,Purchasing,PurchaseOrderDetail,ReceivedQty,NUMERIC,"decimal(8,2)",52.50,POOR,MINIMAL_RISK,LOW,GENERAL_DATA,MEDIUM,ENHANCE: Add appropriate constraints for data integrity,"Add constraints (NOT NULL, CHECK, FK) to improve data quality",GENERAL_DATA_STEWARD
=== TOP PRIORITY COLUMNS - IMMEDIATE ATTENTION REQUIRED ===,Purchasing,PurchaseOrderDetail,RejectedQty,NUMERIC,"decimal(8,2)",52.50,POOR,MINIMAL_RISK,LOW,GENERAL_DATA,MEDIUM,ENHANCE: Add appropriate constraints for data integrity,"Add constraints (NOT NULL, CHECK, FK) to improve data quality",GENERAL_DATA_STEWARD
=== TOP PRIORITY COLUMNS - IMMEDIATE ATTENTION REQUIRED ===,Purchasing,PurchaseOrderDetail,StockedQty,NUMERIC,"decimal(9,2)",52.50,POOR,MINIMAL_RISK,LOW,GENERAL_DATA,MEDIUM,ENHANCE: Add appropriate constraints for data integrity,"Add constraints (NOT NULL, CHECK, FK) to improve data quality",GENERAL_DATA_STEWARD
=== TOP PRIORITY COLUMNS - IMMEDIATE ATTENTION REQUIRED ===,Purchasing,PurchaseOrderHeader,TotalDue,NUMERIC,money,52.50,POOR,MINIMAL_RISK,LOW,BUSINESS_METRIC,MEDIUM,ENHANCE: Add appropriate constraints for data integrity,"Add constraints (NOT NULL, CHECK, FK) to improve data quality",GENERAL_DATA_STEWARD
=== TOP PRIORITY COLUMNS - IMMEDIATE ATTENTION REQUIRED ===,Production,Product,Weight,NUMERIC,"decimal(8,2)",52.75,POOR,MINIMAL_RISK,LOW,GENERAL_DATA,MEDIUM,ENHANCE: Add appropriate constraints for data integrity,"Add constraints (NOT NULL, CHECK, FK) to improve data quality",OPERATIONS_DATA_STEWARD
=== TOP PRIORITY COLUMNS - IMMEDIATE ATTENTION REQUIRED ===,Production,WorkOrderRouting,ActualResourceHrs,NUMERIC,"decimal(9,4)",52.75,POOR,MINIMAL_RISK,LOW,GENERAL_DATA,MEDIUM,ENHANCE: Add appropriate constraints for data integrity,"Add constraints (NOT NULL, CHECK, FK) to improve data quality",OPERATIONS_DATA_STEWARD
=== TOP PRIORITY COLUMNS - IMMEDIATE ATTENTION REQUIRED ===,Production,WorkOrderRouting,ActualCost,NUMERIC,money,52.75,POOR,MINIMAL_RISK,LOW,BUSINESS_METRIC,MEDIUM,ENHANCE: Add appropriate constraints for data integrity,"Add constraints (NOT NULL, CHECK, FK) to improve data quality",OPERATIONS_DATA_STEWARD
=== TOP PRIORITY COLUMNS - IMMEDIATE ATTENTION REQUIRED ===,Sales,SpecialOffer,MaxQty,INTEGER,int,52.75,POOR,MINIMAL_RISK,MEDIUM,GENERAL_DATA,HIGH,ENHANCE: Add appropriate constraints for data integrity,"Add constraints (NOT NULL, CHECK, FK) to improve data quality",SALES_DATA_STEWARD
=== TOP PRIORITY COLUMNS - IMMEDIATE ATTENTION REQUIRED ===,Production,ProductDocument,DocumentNode,HIERARCHICAL,hierarchyid,53.00,POOR,MINIMAL_RISK,LOW,GENERAL_DATA,MEDIUM,,Consider reviewing data type choice for better alignment with data content,OPERATIONS_DATA_STEWARD
=== TOP PRIORITY COLUMNS - IMMEDIATE ATTENTION REQUIRED ===,Sales,SalesOrderHeader,OnlineOrderFlag,OTHER,Flag,53.25,POOR,LOW_RISK,MEDIUM,STATUS_CONTROL,HIGH,,Consider reviewing data type choice for better alignment with data content,SALES_DATA_STEWARD
=== TOP PRIORITY COLUMNS - IMMEDIATE ATTENTION REQUIRED ===,Production,ProductInventory,Quantity,INTEGER,smallint,53.50,POOR,MINIMAL_RISK,LOW,GENERAL_DATA,MEDIUM,,"Add constraints (NOT NULL, CHECK, FK) to improve data quality",OPERATIONS_DATA_STEWARD
=== TOP PRIORITY COLUMNS - IMMEDIATE ATTENTION REQUIRED ===,HumanResources,Employee,OrganizationLevel,INTEGER,smallint,53.75,POOR,MINIMAL_RISK,MEDIUM,GENERAL_DATA,HIGH,,"Add constraints (NOT NULL, CHECK, FK) to improve data quality",HR_DATA_STEWARD
=== TOP PRIORITY COLUMNS - IMMEDIATE ATTENTION REQUIRED ===,Production,Document,Title,TEXT,nvarchar(100),53.75,POOR,MINIMAL_RISK,LOW,GENERAL_DATA,MEDIUM,ENHANCE: Add appropriate constraints for data integrity,"Add constraints (NOT NULL, CHECK, FK) to improve data quality",OPERATIONS_DATA_STEWARD
=== TOP PRIORITY COLUMNS - IMMEDIATE ATTENTION REQUIRED ===,Production,Document,FileExtension,TEXT,nvarchar(16),53.75,POOR,MINIMAL_RISK,LOW,GENERAL_DATA,MEDIUM,ENHANCE: Add appropriate constraints for data integrity,"Add constraints (NOT NULL, CHECK, FK) to improve data quality",OPERATIONS_DATA_STEWARD
=== TOP PRIORITY COLUMNS - IMMEDIATE ATTENTION REQUIRED ===,Production,ProductInventory,Shelf,TEXT,nvarchar(20),53.75,POOR,MINIMAL_RISK,LOW,GENERAL_DATA,MEDIUM,ENHANCE: Add appropriate constraints for data integrity,"Add constraints (NOT NULL, CHECK, FK) to improve data quality",OPERATIONS_DATA_STEWARD
=== TOP PRIORITY COLUMNS - IMMEDIATE ATTENTION REQUIRED ===,Production,TransactionHistory,TransactionType,TEXT,nchar(2),53.75,POOR,MINIMAL_RISK,LOW,GENERAL_DATA,MEDIUM,ENHANCE: Add appropriate constraints for data integrity,"Add constraints (NOT NULL, CHECK, FK) to improve data quality",OPERATIONS_DATA_STEWARD
=== TOP PRIORITY COLUMNS - IMMEDIATE ATTENTION REQUIRED ===,Production,TransactionHistoryArchive,TransactionType,TEXT,nchar(2),53.75,POOR,MINIMAL_RISK,LOW,GENERAL_DATA,MEDIUM,ENHANCE: Add appropriate constraints for data integrity,"Add constraints (NOT NULL, CHECK, FK) to improve data quality",OPERATIONS_DATA_STEWARD
=== TOP PRIORITY COLUMNS - IMMEDIATE ATTENTION REQUIRED ===,Person,Person,Title,TEXT,nvarchar(16),54.00,POOR,MINIMAL_RISK,MEDIUM,GENERAL_DATA,HIGH,ENHANCE: Add appropriate constraints for data integrity,"Add constraints (NOT NULL, CHECK, FK) to improve data quality",CUSTOMER_DATA_STEWARD
=== TOP PRIORITY COLUMNS - IMMEDIATE ATTENTION REQUIRED ===,Person,Person,Suffix,TEXT,nvarchar(20),54.00,POOR,MINIMAL_RISK,MEDIUM,GENERAL_DATA,HIGH,ENHANCE: Add appropriate constraints for data integrity,"Add constraints (NOT NULL, CHECK, FK) to improve data quality",CUSTOMER_DATA_STEWARD
=== TOP PRIORITY COLUMNS - IMMEDIATE ATTENTION REQUIRED ===,Production,Product,StandardCost,NUMERIC,money,54.00,POOR,MINIMAL_RISK,LOW,BUSINESS_METRIC,MEDIUM,ENHANCE: Add appropriate constraints for data integrity,"Add constraints (NOT NULL, CHECK, FK) to improve data quality",OPERATIONS_DATA_STEWARD
=== TOP PRIORITY COLUMNS - IMMEDIATE ATTENTION REQUIRED ===,Production,ProductCostHistory,StandardCost,NUMERIC,money,54.00,POOR,MINIMAL_RISK,LOW,BUSINESS_METRIC,MEDIUM,ENHANCE: Add appropriate constraints for data integrity,"Add constraints (NOT NULL, CHECK, FK) to improve data quality",OPERATIONS_DATA_STEWARD
=== TOP PRIORITY COLUMNS - IMMEDIATE ATTENTION REQUIRED ===,Production,TransactionHistory,ActualCost,NUMERIC,money,54.00,POOR,MINIMAL_RISK,LOW,BUSINESS_METRIC,MEDIUM,ENHANCE: Add appropriate constraints for data integrity,"Add constraints (NOT NULL, CHECK, FK) to improve data quality",OPERATIONS_DATA_STEWARD
=== TOP PRIORITY COLUMNS - IMMEDIATE ATTENTION REQUIRED ===,Production,TransactionHistoryArchive,ActualCost,NUMERIC,money,54.00,POOR,MINIMAL_RISK,LOW,BUSINESS_METRIC,MEDIUM,ENHANCE: Add appropriate constraints for data integrity,"Add constraints (NOT NULL, CHECK, FK) to improve data quality",OPERATIONS_DATA_STEWARD
=== TOP PRIORITY COLUMNS - IMMEDIATE ATTENTION REQUIRED ===,Production,WorkOrderRouting,PlannedCost,NUMERIC,money,54.00,POOR,MINIMAL_RISK,LOW,BUSINESS_METRIC,MEDIUM,ENHANCE: Add appropriate constraints for data integrity,"Add constraints (NOT NULL, CHECK, FK) to improve data quality",OPERATIONS_DATA_STEWARD
=== TOP PRIORITY COLUMNS - IMMEDIATE ATTENTION REQUIRED ===,Production,Document,DocumentNode,HIERARCHICAL,hierarchyid,54.25,POOR,MINIMAL_RISK,LOW,GENERAL_DATA,MEDIUM,,Consider reviewing data type choice for better alignment with data content,OPERATIONS_DATA_STEWARD
=== TOP PRIORITY COLUMNS - IMMEDIATE ATTENTION REQUIRED ===,Purchasing,ProductVendor,OnOrderQty,INTEGER,int,54.25,POOR,MINIMAL_RISK,LOW,GENERAL_DATA,MEDIUM,ENHANCE: Add appropriate constraints for data integrity,"Add constraints (NOT NULL, CHECK, FK) to improve data quality",GENERAL_DATA_STEWARD
=== TOP PRIORITY COLUMNS - IMMEDIATE ATTENTION REQUIRED ===,Sales,CreditCard,CardType,TEXT,nvarchar(100),54.25,POOR,MINIMAL_RISK,MEDIUM,GENERAL_DATA,HIGH,ENHANCE: Add appropriate constraints for data integrity,"Add constraints (NOT NULL, CHECK, FK) to improve data quality",SALES_DATA_STEWARD
=== TOP PRIORITY COLUMNS - IMMEDIATE ATTENTION REQUIRED ===,HumanResources,Employee,VacationHours,INTEGER,smallint,55.00,POOR,MINIMAL_RISK,MEDIUM,GENERAL_DATA,HIGH,,"Add constraints (NOT NULL, CHECK, FK) to improve data quality",HR_DATA_STEWARD
=== TOP PRIORITY COLUMNS - IMMEDIATE ATTENTION REQUIRED ===,HumanResources,Employee,SickLeaveHours,INTEGER,smallint,55.00,POOR,MINIMAL_RISK,MEDIUM,GENERAL_DATA,HIGH,,"Add constraints (NOT NULL, CHECK, FK) to improve data quality",HR_DATA_STEWARD
=== TOP PRIORITY COLUMNS - IMMEDIATE ATTENTION REQUIRED ===,Production,ProductReview,Comments,TEXT,nvarchar(7700),55.00,POOR,MINIMAL_RISK,LOW,GENERAL_DATA,MEDIUM,,"Add constraints (NOT NULL, CHECK, FK) to improve data quality",OPERATIONS_DATA_STEWARD
=== TOP PRIORITY COLUMNS - IMMEDIATE ATTENTION REQUIRED ===,Purchasing,PurchaseOrderHeader,SubTotal,NUMERIC,money,55.00,POOR,MINIMAL_RISK,LOW,BUSINESS_METRIC,MEDIUM,,"Add constraints (NOT NULL, CHECK, FK) to improve data quality",GENERAL_DATA_STEWARD
=== TOP PRIORITY COLUMNS - IMMEDIATE ATTENTION REQUIRED ===,Purchasing,PurchaseOrderHeader,TaxAmt,NUMERIC,money,55.00,POOR,MINIMAL_RISK,LOW,GENERAL_DATA,MEDIUM,,"Add constraints (NOT NULL, CHECK, FK) to improve data quality",GENERAL_DATA_STEWARD
=== TOP PRIORITY COLUMNS - IMMEDIATE ATTENTION REQUIRED ===,Purchasing,PurchaseOrderHeader,Freight,NUMERIC,money,55.00,POOR,MINIMAL_RISK,LOW,GENERAL_DATA,MEDIUM,,"Add constraints (NOT NULL, CHECK, FK) to improve data quality",GENERAL_DATA_STEWARD
=== TOP PRIORITY COLUMNS - IMMEDIATE ATTENTION REQUIRED ===,Purchasing,ShipMethod,ShipBase,NUMERIC,money,55.00,POOR,MINIMAL_RISK,LOW,GENERAL_DATA,MEDIUM,,"Add constraints (NOT NULL, CHECK, FK) to improve data quality",GENERAL_DATA_STEWARD
=== TOP PRIORITY COLUMNS - IMMEDIATE ATTENTION REQUIRED ===,HumanResources,Employee,JobTitle,TEXT,nvarchar(100),55.25,POOR,MINIMAL_RISK,MEDIUM,GENERAL_DATA,HIGH,ENHANCE: Add appropriate constraints for data integrity,"Add constraints (NOT NULL, CHECK, FK) to improve data quality",HR_DATA_STEWARD
=== TOP PRIORITY COLUMNS - IMMEDIATE ATTENTION REQUIRED ===,Person,Person,PersonType,TEXT,nchar(4),55.25,POOR,MINIMAL_RISK,MEDIUM,GENERAL_DATA,HIGH,ENHANCE: Add appropriate constraints for data integrity,"Add constraints (NOT NULL, CHECK, FK) to improve data quality",CUSTOMER_DATA_STEWARD
=== TOP PRIORITY COLUMNS - IMMEDIATE ATTENTION REQUIRED ===,Production,Document,Status,INTEGER,tinyint,55.50,POOR,LOW_RISK,LOW,STATUS_CONTROL,MEDIUM,ENHANCE: Add appropriate constraints for data integrity,"Add constraints (NOT NULL, CHECK, FK) to improve data quality",OPERATIONS_DATA_STEWARD
=== TOP PRIORITY COLUMNS - IMMEDIATE ATTENTION REQUIRED ===,Purchasing,ProductVendor,MinOrderQty,INTEGER,int,55.50,POOR,MINIMAL_RISK,LOW,GENERAL_DATA,MEDIUM,ENHANCE: Add appropriate constraints for data integrity,"Add constraints (NOT NULL, CHECK, FK) to improve data quality",GENERAL_DATA_STEWARD
=== TOP PRIORITY COLUMNS - IMMEDIATE ATTENTION REQUIRED ===,Purchasing,ProductVendor,MaxOrderQty,INTEGER,int,55.50,POOR,MINIMAL_RISK,LOW,GENERAL_DATA,MEDIUM,ENHANCE: Add appropriate constraints for data integrity,"Add constraints (NOT NULL, CHECK, FK) to improve data quality",GENERAL_DATA_STEWARD
=== TOP PRIORITY COLUMNS - IMMEDIATE ATTENTION REQUIRED ===,Purchasing,PurchaseOrderDetail,OrderQty,INTEGER,smallint,55.50,POOR,MINIMAL_RISK,LOW,GENERAL_DATA,MEDIUM,ENHANCE: Add appropriate constraints for data integrity,"Add constraints (NOT NULL, CHECK, FK) to improve data quality",GENERAL_DATA_STEWARD
=== TOP PRIORITY COLUMNS - IMMEDIATE ATTENTION REQUIRED ===,Sales,SalesOrderDetail,CarrierTrackingNumber,TEXT,nvarchar(50),55.50,POOR,MINIMAL_RISK,MEDIUM,GENERAL_DATA,HIGH,ENHANCE: Add appropriate constraints for data integrity,"Add constraints (NOT NULL, CHECK, FK) to improve data quality",SALES_DATA_STEWARD
=== TOP PRIORITY COLUMNS - IMMEDIATE ATTENTION REQUIRED ===,Sales,SalesOrderHeader,Comment,TEXT,nvarchar(256),55.50,POOR,MINIMAL_RISK,MEDIUM,GENERAL_DATA,HIGH,ENHANCE: Add appropriate constraints for data integrity,"Add constraints (NOT NULL, CHECK, FK) to improve data quality",SALES_DATA_STEWARD
=== TOP PRIORITY COLUMNS - IMMEDIATE ATTENTION REQUIRED ===,Purchasing,PurchaseOrderHeader,RevisionNumber,INTEGER,tinyint,55.75,POOR,MINIMAL_RISK,LOW,GENERAL_DATA,MEDIUM,,"Add constraints (NOT NULL, CHECK, FK) to improve data quality",GENERAL_DATA_STEWARD
=== TOP PRIORITY COLUMNS - IMMEDIATE ATTENTION REQUIRED ===,Production,Document,DocumentLevel,INTEGER,smallint,56.00,POOR,MINIMAL_RISK,LOW,GENERAL_DATA,MEDIUM,,"Add constraints (NOT NULL, CHECK, FK) to improve data quality",OPERATIONS_DATA_STEWARD
=== TOP PRIORITY COLUMNS - IMMEDIATE ATTENTION REQUIRED ===,Production,Document,Owner,INTEGER,int,56.00,POOR,MINIMAL_RISK,LOW,GENERAL_DATA,MEDIUM,,"Add constraints (NOT NULL, CHECK, FK) to improve data quality",OPERATIONS_DATA_STEWARD
=== TOP PRIORITY COLUMNS - IMMEDIATE ATTENTION REQUIRED ===,Production,Document,Revision,TEXT,nchar(10),56.25,POOR,MINIMAL_RISK,LOW,GENERAL_DATA,MEDIUM,,"Add constraints (NOT NULL, CHECK, FK) to improve data quality",OPERATIONS_DATA_STEWARD
=== TOP PRIORITY COLUMNS - IMMEDIATE ATTENTION REQUIRED ===,Production,BillOfMaterials,PerAssemblyQty,NUMERIC,"decimal(8,2)",56.50,POOR,MINIMAL_RISK,LOW,GENERAL_DATA,MEDIUM,,"Add constraints (NOT NULL, CHECK, FK) to improve data quality",OPERATIONS_DATA_STEWARD
=== TOP PRIORITY COLUMNS - IMMEDIATE ATTENTION REQUIRED ===,Production,Location,Availability,NUMERIC,"decimal(8,2)",56.50,POOR,MINIMAL_RISK,LOW,GENERAL_DATA,MEDIUM,,"Add constraints (NOT NULL, CHECK, FK) to improve data quality",OPERATIONS_DATA_STEWARD
=== TOP PRIORITY COLUMNS - IMMEDIATE ATTENTION REQUIRED ===,Purchasing,PurchaseOrderHeader,Status,INTEGER,tinyint,56.50,POOR,LOW_RISK,LOW,STATUS_CONTROL,MEDIUM,,"Add constraints (NOT NULL, CHECK, FK) to improve data quality",GENERAL_DATA_STEWARD
=== TOP PRIORITY COLUMNS - IMMEDIATE ATTENTION REQUIRED ===,Sales,ShoppingCartItem,Quantity,INTEGER,int,56.50,POOR,MINIMAL_RISK,MEDIUM,GENERAL_DATA,HIGH,,"Add constraints (NOT NULL, CHECK, FK) to improve data quality",SALES_DATA_STEWARD
=== TOP PRIORITY COLUMNS - IMMEDIATE ATTENTION REQUIRED ===,Sales,SpecialOffer,MinQty,INTEGER,int,56.50,POOR,MINIMAL_RISK,MEDIUM,GENERAL_DATA,HIGH,,"Add constraints (NOT NULL, CHECK, FK) to improve data quality",SALES_DATA_STEWARD
=== TOP PRIORITY COLUMNS - IMMEDIATE ATTENTION REQUIRED ===,Sales,SalesTerritory,Group,TEXT,nvarchar(100),56.75,POOR,MINIMAL_RISK,MEDIUM,GENERAL_DATA,HIGH,ENHANCE: Add appropriate constraints for data integrity,"Add constraints (NOT NULL, CHECK, FK) to improve data quality",SALES_DATA_STEWARD
=== TOP PRIORITY COLUMNS - IMMEDIATE ATTENTION REQUIRED ===,Sales,SpecialOffer,Type,TEXT,nvarchar(100),56.75,POOR,MINIMAL_RISK,MEDIUM,GENERAL_DATA,HIGH,ENHANCE: Add appropriate constraints for data integrity,"Add constraints (NOT NULL, CHECK, FK) to improve data quality",SALES_DATA_STEWARD
=== TOP PRIORITY COLUMNS - IMMEDIATE ATTENTION REQUIRED ===,Sales,SpecialOffer,Category,TEXT,nvarchar(100),56.75,POOR,MINIMAL_RISK,MEDIUM,GENERAL_DATA,HIGH,ENHANCE: Add appropriate constraints for data integrity,"Add constraints (NOT NULL, CHECK, FK) to improve data quality",SALES_DATA_STEWARD
=== TOP PRIORITY COLUMNS - IMMEDIATE ATTENTION REQUIRED ===,Production,Product,ReorderPoint,INTEGER,smallint,57.00,POOR,MINIMAL_RISK,LOW,GENERAL_DATA,MEDIUM,ENHANCE: Add appropriate constraints for data integrity,"Add constraints (NOT NULL, CHECK, FK) to improve data quality",OPERATIONS_DATA_STEWARD
=== TOP PRIORITY COLUMNS - IMMEDIATE ATTENTION REQUIRED ===,Production,WorkOrder,OrderQty,INTEGER,int,57.00,POOR,MINIMAL_RISK,LOW,GENERAL_DATA,MEDIUM,ENHANCE: Add appropriate constraints for data integrity,"Add constraints (NOT NULL, CHECK, FK) to improve data quality",OPERATIONS_DATA_STEWARD
=== TOP PRIORITY COLUMNS - IMMEDIATE ATTENTION REQUIRED ===,Sales,SalesOrderDetail,LineTotal,NUMERIC,"numeric(38,6)",57.00,POOR,MINIMAL_RISK,MEDIUM,BUSINESS_METRIC,HIGH,ENHANCE: Add appropriate constraints for data integrity,"Add constraints (NOT NULL, CHECK, FK) to improve data quality",SALES_DATA_STEWARD
=== TOP PRIORITY COLUMNS - IMMEDIATE ATTENTION REQUIRED ===,Sales,SalesOrderHeader,TotalDue,NUMERIC,money,57.00,POOR,MINIMAL_RISK,MEDIUM,BUSINESS_METRIC,HIGH,ENHANCE: Add appropriate constraints for data integrity,"Add constraints (NOT NULL, CHECK, FK) to improve data quality",SALES_DATA_STEWARD
=== TOP PRIORITY COLUMNS - IMMEDIATE ATTENTION REQUIRED ===,Production,Document,ChangeNumber,INTEGER,int,57.25,POOR,MINIMAL_RISK,LOW,GENERAL_DATA,MEDIUM,,"Add constraints (NOT NULL, CHECK, FK) to improve data quality",OPERATIONS_DATA_STEWARD
=== TOP PRIORITY COLUMNS - IMMEDIATE ATTENTION REQUIRED ===,Production,Document,FolderFlag,BOOLEAN,bit,57.75,POOR,LOW_RISK,LOW,STATUS_CONTROL,MEDIUM,,"Add constraints (NOT NULL, CHECK, FK) to improve data quality",OPERATIONS_DATA_STEWARD
=== TOP PRIORITY COLUMNS - IMMEDIATE ATTENTION REQUIRED ===,Production,ProductDescription,Description,TEXT,nvarchar(800),57.75,POOR,MINIMAL_RISK,LOW,GENERAL_DATA,MEDIUM,ENHANCE: Add appropriate constraints for data integrity,"Add constraints (NOT NULL, CHECK, FK) to improve data quality",OPERATIONS_DATA_STEWARD
=== TOP PRIORITY COLUMNS - IMMEDIATE ATTENTION REQUIRED ===,Sales,CurrencyRate,EndOfDayRate,NUMERIC,money,58.25,POOR,MINIMAL_RISK,MEDIUM,GENERAL_DATA,HIGH,ENHANCE: Add appropriate constraints for data integrity,"Add constraints (NOT NULL, CHECK, FK) to improve data quality",SALES_DATA_STEWARD
=== TOP PRIORITY COLUMNS - IMMEDIATE ATTENTION REQUIRED ===,Production,Product,ProductLine,TEXT,nchar(4),58.50,POOR,MINIMAL_RISK,LOW,GENERAL_DATA,MEDIUM,ENHANCE: Add appropriate constraints for data integrity,"Add constraints (NOT NULL, CHECK, FK) to improve data quality",OPERATIONS_DATA_STEWARD
=== TOP PRIORITY COLUMNS - IMMEDIATE ATTENTION REQUIRED ===,Purchasing,ShipMethod,ShipRate,NUMERIC,money,58.75,POOR,MINIMAL_RISK,LOW,GENERAL_DATA,MEDIUM,,"Add constraints (NOT NULL, CHECK, FK) to improve data quality",GENERAL_DATA_STEWARD
=== TOP PRIORITY COLUMNS - IMMEDIATE ATTENTION REQUIRED ===,HumanResources,EmployeePayHistory,Rate,NUMERIC,money,59.25,POOR,MINIMAL_RISK,MEDIUM,GENERAL_DATA,HIGH,ENHANCE: Add appropriate constraints for data integrity,"Add constraints (NOT NULL, CHECK, FK) to improve data quality",HR_DATA_STEWARD
=== TOP PRIORITY COLUMNS - IMMEDIATE ATTENTION REQUIRED ===,Sales,SalesOrderHeader,SubTotal,NUMERIC,money,59.50,POOR,MINIMAL_RISK,MEDIUM,BUSINESS_METRIC,HIGH,,"Add constraints (NOT NULL, CHECK, FK) to improve data quality",SALES_DATA_STEWARD
=== TOP PRIORITY COLUMNS - IMMEDIATE ATTENTION REQUIRED ===,Sales,SalesOrderHeader,TaxAmt,NUMERIC,money,59.50,POOR,MINIMAL_RISK,MEDIUM,GENERAL_DATA,HIGH,,"Add constraints (NOT NULL, CHECK, FK) to improve data quality",SALES_DATA_STEWARD
=== TOP PRIORITY COLUMNS - IMMEDIATE ATTENTION REQUIRED ===,Sales,SalesOrderHeader,Freight,NUMERIC,money,59.50,POOR,MINIMAL_RISK,MEDIUM,GENERAL_DATA,HIGH,,"Add constraints (NOT NULL, CHECK, FK) to improve data quality",SALES_DATA_STEWARD
=== TOP PRIORITY COLUMNS - IMMEDIATE ATTENTION REQUIRED ===,Sales,SalesPerson,Bonus,NUMERIC,money,59.50,POOR,MINIMAL_RISK,MEDIUM,GENERAL_DATA,HIGH,,"Add constraints (NOT NULL, CHECK, FK) to improve data quality",SALES_DATA_STEWARD
=== TOP PRIORITY COLUMNS - IMMEDIATE ATTENTION REQUIRED ===,Sales,SalesPerson,CommissionPct,NUMERIC,smallmoney,59.50,POOR,MINIMAL_RISK,MEDIUM,GENERAL_DATA,HIGH,,"Add constraints (NOT NULL, CHECK, FK) to improve data quality",SALES_DATA_STEWARD
=== TOP PRIORITY COLUMNS - IMMEDIATE ATTENTION REQUIRED ===,Sales,SalesTerritory,CostYTD,NUMERIC,money,59.50,POOR,MINIMAL_RISK,MEDIUM,BUSINESS_METRIC,HIGH,,"Add constraints (NOT NULL, CHECK, FK) to improve data quality",SALES_DATA_STEWARD
=== TOP PRIORITY COLUMNS - IMMEDIATE ATTENTION REQUIRED ===,Sales,SalesTerritory,CostLastYear,NUMERIC,money,59.50,POOR,MINIMAL_RISK,MEDIUM,PERSONAL_NAME,HIGH,,"Add constraints (NOT NULL, CHECK, FK) to improve data quality",SALES_DATA_STEWARD
=== TOP PRIORITY COLUMNS - IMMEDIATE ATTENTION REQUIRED ===,Sales,SpecialOffer,DiscountPct,NUMERIC,smallmoney,59.50,POOR,MINIMAL_RISK,MEDIUM,GENERAL_DATA,HIGH,,"Add constraints (NOT NULL, CHECK, FK) to improve data quality",SALES_DATA_STEWARD
=== TOP PRIORITY COLUMNS - IMMEDIATE ATTENTION REQUIRED ===,HumanResources,Employee,MaritalStatus,TEXT,nchar(2),59.75,POOR,LOW_RISK,MEDIUM,STATUS_CONTROL,HIGH,ENHANCE: Add appropriate constraints for data integrity,"Add constraints (NOT NULL, CHECK, FK) to improve data quality",HR_DATA_STEWARD
=== TOP PRIORITY COLUMNS - IMMEDIATE ATTENTION REQUIRED ===,Production,WorkOrderRouting,OperationSequence,INTEGER,smallint,59.75,POOR,MINIMAL_RISK,LOW,GENERAL_DATA,MEDIUM,,No immediate improvements required,OPERATIONS_DATA_STEWARD
